<?xml version="1.0" encoding="utf-8"?>
<edmx:Edmx Version="1.0" xmlns:edmx="http://schemas.microsoft.com/ado/2007/06/edmx" xmlns:m="http://schemas.microsoft.com/ado/2007/08/dataservices/metadata" xmlns:sap="http://www.sap.com/Protocols/SAPData">
    <edmx:DataServices m:DataServiceVersion="2.0">
        <Schema Namespace="ZSAPA_COC_CPI_SEND_SRV" xml:lang="en" sap:schema-version="1" xmlns="http://schemas.microsoft.com/ado/2008/09/edm">
            <Annotation Term="Core.SchemaVersion" String="1.0.0" xmlns="http://docs.oasis-open.org/odata/ns/edm"/>
            <EntityType Name="COCData" sap:content-version="1">
                <Key>
                    <PropertyRef Name="VBELN"/>
                </Key>
                <Property Name="VBELN" Type="Edm.String" Nullable="false" MaxLength="10" sap:unicode="false" sap:label="Delivery Number" sap:creatable="false" sap:updatable="false" sap:sortable="false" sap:filterable="false"/>
                <Property Name="CERT" Type="Edm.String" Nullable="false" MaxLength="10" sap:unicode="false" sap:label="Certificate Number" sap:creatable="false" sap:updatable="false" sap:sortable="false" sap:filterable="false"/>
                <Property Name="CDATE" Type="Edm.String" Nullable="false" MaxLength="8" sap:unicode="false" sap:label="Certificate Date" sap:creatable="false" sap:updatable="false" sap:sortable="false" sap:filterable="false"/>
                <Property Name="SOURCE" Type="Edm.String" Nullable="false" MaxLength="15" sap:unicode="false" sap:label="Sending Country" sap:creatable="false" sap:updatable="false" sap:sortable="false" sap:filterable="false"/>
                <Property Name="TARGET" Type="Edm.String" Nullable="false" MaxLength="15" sap:unicode="false" sap:label="Receiving Country" sap:creatable="false" sap:updatable="false" sap:sortable="false" sap:filterable="false"/>
            </EntityType>
            <EntityContainer Name="ZSAPA_COC_CPI_SEND_SRV_Entities" m:IsDefaultEntityContainer="true" sap:supported-formats="atom json xlsx">
                <EntitySet Name="COCDataSet" EntityType="ZSAPA_COC_CPI_SEND_SRV.COCData" sap:creatable="false" sap:updatable="false" sap:deletable="false" sap:pageable="false" sap:addressable="false" sap:content-version="1"/>
            </EntityContainer>
            <atom:link rel="self" href="http://fk.server.com:8001/sap/opu/odata/sap/ZSAPA_COC_CPI_SEND_SRV/$metadata" xmlns:atom="http://www.w3.org/2005/Atom"/>
            <atom:link rel="latest-version" href="http://fk.server.com:8001/sap/opu/odata/sap/ZSAPA_COC_CPI_SEND_SRV/$metadata" xmlns:atom="http://www.w3.org/2005/Atom"/>
        </Schema>
    </edmx:DataServices>
</edmx:Edmx>